resolucao_id,simbolo_resolucao,ano,periodo_2009,periodo_fonte,tema,voto_importante,convergente,eleitorado_valido,percentual_apoio_convergente
4521,A/RES/59/307,2005,2005-2008,pré-2009,Palestina/Oriente Médio,0,1,129,97.63779527559056
4522,A/RES/59/280,2005,2005-2008,pré-2009,Outros / sem codificação,0,1,155,20.91503267973856
4594,A/RES/60/231,2005,2005-2008,pré-2009,Direitos humanos,0,1,131,99.2248062015504
4595,A/RES/60/230,2005,2005-2008,pré-2009,Outros / sem codificação,0,1,128,99.2063492063492
4596,A/RES/60/229,2005,2005-2008,pré-2009,Outros / sem codificação,0,1,130,72.65625
4597,A/RES/60/226,2005,2005-2008,pré-2009,Outros / sem codificação,0,0,121,
4598,A/RES/60/200,2005,2005-2008,pré-2009,Outros / sem codificação,0,1,168,71.08433734939759
4599,A/RES/60/185,2005,2005-2008,pré-2009,Desenvolvimento econômico,1,1,171,69.8224852071006
4600,A/RES/60/184,2005,2005-2008,pré-2009,Desenvolvimento econômico,1,1,173,69.5906432748538
4601,A/RES/60/183,2005,2005-2008,pré-2009,Palestina/Oriente Médio,0,1,170,91.66666666666669
4602,A/RES/60/170,2005,2005-2008,pré-2009,Direitos humanos,0,1,172,38.23529411764706
4603,A/RES/60/174,2005,2005-2008,pré-2009,Direitos humanos,0,0,169,
4604,A/RES/60/173,2005,2005-2008,pré-2009,Direitos humanos,0,0,169,
4605,A/RES/60/172,2005,2005-2008,pré-2009,Direitos humanos,0,0,166,
4606,A/RES/60/171,2005,2005-2008,pré-2009,Direitos humanos,1,0,168,
4607,A/RES/60/165,2005,2005-2008,pré-2009,Direitos humanos,0,1,178,98.86363636363636
4608,A/RES/60/164,2005,2005-2008,pré-2009,Direitos humanos,0,1,177,61.714285714285715
4609,A/RES/60/163,2005,2005-2008,pré-2009,Direitos humanos,0,1,177,65.14285714285714
4610,A/RES/60/162,2005,2005-2008,pré-2009,Outros / sem codificação,1,1,174,99.4186046511628
4611,A/RES/60/157,2005,2005-2008,pré-2009,Desenvolvimento econômico; Direitos humanos,0,1,179,96.045197740113
4612,A/RES/60/155,2005,2005-2008,pré-2009,Direitos humanos,0,1,178,69.88636363636364
4613,A/RES/60/152,2005,2005-2008,pré-2009,Direitos humanos,0,0,178,
4614,A/RES/60/150,2005,2005-2008,pré-2009,Outros / sem codificação,0,1,174,57.55813953488372
4615,A/RES/60/146,2005,2005-2008,pré-2009,Descolonização; Direitos humanos; Palestina/Oriente Médio,0,1,176,96.55172413793105
4616,A/RES/60/144,2005,2005-2008,pré-2009,Direitos humanos,0,1,179,96.045197740113
4617,A/RES/60/143,2005,2005-2008,pré-2009,Direitos humanos,0,1,175,64.73988439306359
4618,A/RES/60/45,2005,2005-2008,pré-2009,Desenvolvimento econômico,0,1,178,99.4318181818182
4619,A/RES/60/46,2005,2005-2008,pré-2009,Armas/desarmamento/nuclear; Desenvolvimento econômico,0,1,182,98.88888888888889
4620,A/RES/60/48,2005,2005-2008,pré-2009,Outros / sem codificação,0,1,181,72.62569832402235
4621,A/RES/60/51,2005,2005-2008,pré-2009,Armas/desarmamento/nuclear,0,0,180,
4622,A/RES/60/53,2005,2005-2008,pré-2009,Armas/desarmamento/nuclear,0,0,179,
4623,A/RES/60/54,2005,2005-2008,pré-2009,Armas/desarmamento/nuclear,0,1,182,98.88888888888889
4625,A/RES/60/58,2005,2005-2008,pré-2009,Armas/desarmamento/nuclear,0,1,178,93.75
4626,A/RES/60/59,2005,2005-2008,pré-2009,Armas/desarmamento/nuclear,0,1,180,67.41573033707866
4627,A/RES/60/60,2005,2005-2008,pré-2009,Armas/desarmamento/nuclear,0,1,181,97.20670391061452
4628,A/RES/60/61,2005,2005-2008,pré-2009,Armas/desarmamento/nuclear; Desenvolvimento econômico,0,1,180,98.31460674157304
4629,A/RES/60/62,2005,2005-2008,pré-2009,Armas/desarmamento/nuclear,0,1,170,92.85714285714286
4630,A/RES/60/65,2005,2005-2008,pré-2009,Armas/desarmamento/nuclear; Descolonização,0,0,177,
4631,A/RES/60/66,2005,2005-2008,pré-2009,Outros / sem codificação,0,1,180,98.87640449438204
4632,A/RES/60/68,2005,2005-2008,pré-2009,Armas/desarmamento/nuclear; Desenvolvimento econômico,0,1,178,99.4318181818182
4633,A/RES/60/70,2005,2005-2008,pré-2009,Armas/desarmamento/nuclear,0,1,178,63.06818181818182
4634,A/RES/60/72,2005,2005-2008,pré-2009,Armas/desarmamento/nuclear,1,0,169,
4635,A/RES/60/75,2005,2005-2008,pré-2009,Armas/desarmamento/nuclear,0,1,176,98.85057471264368
4636,A/RES/60/76,2005,2005-2008,pré-2009,Armas/desarmamento/nuclear,0,1,179,70.05649717514125
4637,A/RES/60/56,2005,2005-2008,pré-2009,Armas/desarmamento/nuclear,0,1,178,85.79545454545455
4638,A/RES/60/80,2005,2005-2008,pré-2009,Armas/desarmamento/nuclear,0,1,175,90.17341040462428
4639,A/RES/60/88,2005,2005-2008,pré-2009,Armas/desarmamento/nuclear,0,1,173,63.74269005847953
4640,A/RES/60/92,2005,2005-2008,pré-2009,Armas/desarmamento/nuclear,0,1,174,94.18604651162792
4641,A/RES/60/95,2005,2005-2008,pré-2009,Armas/desarmamento/nuclear,0,1,177,97.14285714285714
4642,A/RES/60/100,2005,2005-2008,pré-2009,Palestina/Oriente Médio,0,1,173,92.98245614035088
4643,A/RES/60/101,2005,2005-2008,pré-2009,Outros / sem codificação,0,1,172,93.52941176470588
4644,A/RES/60/103,2005,2005-2008,pré-2009,Palestina/Oriente Médio,0,1,169,94.61077844311376
4645,A/RES/60/104,2005,2005-2008,pré-2009,Descolonização; Direitos humanos; Palestina/Oriente Médio,1,1,170,50
4646,A/RES/60/105,2005,2005-2008,pré-2009,Descolonização; Palestina/Oriente Médio,0,1,171,92.3076923076923
4647,A/RES/60/106,2005,2005-2008,pré-2009,Palestina/Oriente Médio,0,1,170,89.88095238095238
4648,A/RES/60/107,2005,2005-2008,pré-2009,Direitos humanos; Palestina/Oriente Médio,0,1,172,85.88235294117646
4649,A/RES/60/108,2005,2005-2008,pré-2009,Outros / sem codificação,0,1,172,90.58823529411764
4650,A/RES/60/110,2005,2005-2008,pré-2009,Descolonização,0,1,174,97.09302325581396
4651,A/RES/60/111,2005,2005-2008,pré-2009,Descolonização; Desenvolvimento econômico,0,1,173,97.6608187134503
4652,A/RES/60/112,2005,2005-2008,pré-2009,Descolonização,0,1,173,70.76023391812865
4653,A/RES/60/118,2005,2005-2008,pré-2009,Descolonização,0,1,172,97.05882352941175
4654,A/RES/60/119,2005,2005-2008,pré-2009,Descolonização,0,1,173,95.906432748538
4655,A/RES/60/120,2005,2005-2008,pré-2009,Descolonização,0,1,172,77.05882352941177
4656,A/RES/60/79,2005,2005-2008,pré-2009,Armas/desarmamento/nuclear,0,0,179,
4657,A/RES/60/102,2005,2005-2008,pré-2009,Palestina/Oriente Médio,0,1,168,94.57831325301204
4658,A/RES/60/41,2005,2005-2008,pré-2009,Palestina/Oriente Médio,0,1,172,88.82352941176471
4659,A/RES/60/39,2005,2005-2008,pré-2009,Palestina/Oriente Médio,0,1,171,91.1242603550296
4660,A/RES/60/38,2005,2005-2008,pré-2009,Palestina/Oriente Médio,0,1,173,92.39766081871343
4661,A/RES/60/37,2005,2005-2008,pré-2009,Direitos humanos; Palestina/Oriente Médio,1,1,172,60.588235294117645
4662,A/RES/60/36,2005,2005-2008,pré-2009,Direitos humanos; Palestina/Oriente Médio,1,1,173,60.8187134502924
4663,A/RES/60/30,2005,2005-2008,pré-2009,Outros / sem codificação,0,1,146,96.52777777777776
4664,A/RES/60/12,2005,2005-2008,pré-2009,Desenvolvimento econômico,1,1,187,97.29729729729728
4665,A/RES/60/6,2005,2005-2008,pré-2009,Outros / sem codificação,0,1,138,99.26470588235294
5757,A/RES/60/56,2005,2005-2008,pré-2009,Armas/desarmamento/nuclear,,1,171,92.3076923076923
5758,A/RES/60/58,2005,2005-2008,pré-2009,Armas/desarmamento/nuclear,,1,172,94.11764705882354
5759,A/RES/60/58,2005,2005-2008,pré-2009,Outros / sem codificação,,1,173,94.15204678362574
5761,A/RES/60/76,2005,2005-2008,pré-2009,Armas/desarmamento/nuclear,,1,172,95.88235294117646
5762,A/RES/60/92,2005,2005-2008,pré-2009,Armas/desarmamento/nuclear,,1,170,95.23809523809524
5763,A/RES/60/112,2005,2005-2008,pré-2009,Outros / sem codificação,,1,174,69.76744186046511
5764,A/RES/60/162,2005,2005-2008,pré-2009,Direitos humanos,,1,167,80.60606060606061
5765,A/RES/60/170,2005,2005-2008,pré-2009,Direitos humanos,,1,158,37.17948717948718
5766,A/RES/60/170,2005,2005-2008,pré-2009,Outros / sem codificação,,1,159,37.5796178343949
5767,A/RES/60/197,2005,2005-2008,pré-2009,Outros / sem codificação,,1,174,98.25581395348836
5768,A/RES/60/200,2005,2005-2008,pré-2009,Outros / sem codificação,,1,158,37.17948717948718
5769,A/RES/60/200,2005,2005-2008,pré-2009,Outros / sem codificação,,0,153,
5770,A/RES/60/201,2005,2005-2008,pré-2009,Outros / sem codificação,,1,172,98.82352941176472
5771,A/RES/60/226,2005,2005-2008,pré-2009,Outros / sem codificação,,1,122,83.33333333333333
5772,A/RES/60/226,2005,2005-2008,pré-2009,Outros / sem codificação,,0,121,
5773,A/RES/60/226,2005,2005-2008,pré-2009,Outros / sem codificação,,1,121,84.03361344537815
5774,A/RES/60/226,2005,2005-2008,pré-2009,Outros / sem codificação,,0,120,
5775,A/RES/60/228,2005,2005-2008,pré-2009,Outros / sem codificação,,1,129,70.07874015748031
5776,A/RES/60/230,2005,2005-2008,pré-2009,Outros / sem codificação,,1,127,94.4
5777,A/RES/60/230,2005,2005-2008,pré-2009,Outros / sem codificação,,0,124,
5778,A/RES/60/231,2005,2005-2008,pré-2009,Outros / sem codificação,,1,123,79.33884297520662
5779,A/RES/60/231,2005,2005-2008,pré-2009,Outros / sem codificação,,0,124,
5780,A/RES/60/231,2005,2005-2008,pré-2009,Outros / sem codificação,,0,123,
5781,A/RES/60/231,2005,2005-2008,pré-2009,Outros / sem codificação,,1,126,95.16129032258064
4592,A/RES/60/260,2006,2005-2008,pré-2009,Outros / sem codificação,0,1,173,69.5906432748538
4593,A/RES/60/251,2006,2005-2008,pré-2009,Direitos humanos,0,1,177,96
4666,A/RES/60/278,2006,2005-2008,pré-2009,Palestina/Oriente Médio,0,1,154,97.36842105263158
4667,A/RES/61/8,2006,2005-2008,pré-2009,Outros / sem codificação,0,1,116,98.24561403508773
4668,A/RES/61/11,2006,2005-2008,pré-2009,Desenvolvimento econômico,1,1,188,97.31182795698923
4669,A/RES/61/27,2006,2005-2008,pré-2009,Outros / sem codificação,0,1,173,61.40350877192982
4670,A/RES/61/25,2006,2005-2008,pré-2009,Palestina/Oriente Médio,0,1,174,90.11627906976744
4671,A/RES/61/26,2006,2005-2008,pré-2009,Palestina/Oriente Médio,0,1,172,91.17647058823528
4672,A/RES/61/24,2006,2005-2008,pré-2009,Palestina/Oriente Médio,0,1,173,90.64327485380116
4673,A/RES/61/23,2006,2005-2008,pré-2009,Direitos humanos; Palestina/Oriente Médio,1,1,170,58.92857142857143
4674,A/RES/61/22,2006,2005-2008,pré-2009,Direitos humanos; Palestina/Oriente Médio,1,1,170,58.92857142857143
4675,A/RES/61/47,2006,2005-2008,pré-2009,Armas/desarmamento/nuclear,0,1,134,99.24242424242424
4676,A/RES/61/89,2006,2005-2008,pré-2009,Armas/desarmamento/nuclear,1,0,179,
4677,A/RES/61/97,2006,2005-2008,pré-2009,Armas/desarmamento/nuclear,0,1,181,65.36312849162012
4678,A/RES/61/77,2006,2005-2008,pré-2009,Armas/desarmamento/nuclear,0,1,179,88.13559322033899
4679,A/RES/61/78,2006,2005-2008,pré-2009,Armas/desarmamento/nuclear,0,1,181,63.12849162011173
4680,A/RES/61/88,2006,2005-2008,pré-2009,Armas/desarmamento/nuclear,0,1,181,77.6536312849162
4681,A/RES/61/85,2006,2005-2008,pré-2009,Armas/desarmamento/nuclear,0,0,183,
4682,A/RES/61/84,2006,2005-2008,pré-2009,Armas/desarmamento/nuclear,0,1,178,90.3409090909091
4683,A/RES/61/82,2006,2005-2008,pré-2009,Armas/desarmamento/nuclear,0,1,179,98.87005649717514
4684,A/RES/61/83,2006,2005-2008,pré-2009,Armas/desarmamento/nuclear,0,1,181,68.71508379888269
4685,A/RES/61/75,2006,2005-2008,pré-2009,Outros / sem codificação,0,1,180,98.87640449438204
4686,A/RES/61/72,2006,2005-2008,pré-2009,Armas/desarmamento/nuclear,0,1,177,98.85714285714286
4687,A/RES/61/74,2006,2005-2008,pré-2009,Armas/desarmamento/nuclear; Descolonização,0,0,178,
4688,A/RES/61/67,2006,2005-2008,pré-2009,Armas/desarmamento/nuclear,0,1,176,69.54022988505747
4689,A/RES/61/66,2006,2005-2008,pré-2009,Armas/desarmamento/nuclear; Desenvolvimento econômico,1,1,177,99.42857142857144
4690,A/RES/61/70,2006,2005-2008,pré-2009,Armas/desarmamento/nuclear,0,1,178,98.29545454545456
4691,A/RES/61/65,2006,2005-2008,pré-2009,Armas/desarmamento/nuclear,0,1,177,88.57142857142857
4692,A/RES/61/64,2006,2005-2008,pré-2009,Armas/desarmamento/nuclear; Desenvolvimento econômico,0,1,181,98.32402234636872
4693,A/RES/61/63,2006,2005-2008,pré-2009,Armas/desarmamento/nuclear,0,1,180,97.19101123595506
4694,A/RES/61/62,2006,2005-2008,pré-2009,Armas/desarmamento/nuclear,0,1,178,67.04545454545455
4695,A/RES/61/60,2006,2005-2008,pré-2009,Armas/desarmamento/nuclear,0,1,176,99.42528735632185
4696,A/RES/61/59,2006,2005-2008,pré-2009,Armas/desarmamento/nuclear,0,1,176,64.94252873563218
4697,A/RES/61/58,2006,2005-2008,pré-2009,Armas/desarmamento/nuclear,0,1,180,98.87640449438204
4698,A/RES/61/57,2006,2005-2008,pré-2009,Armas/desarmamento/nuclear,0,1,179,66.10169491525424
4699,A/RES/61/55,2006,2005-2008,pré-2009,Armas/desarmamento/nuclear,0,0,178,
4700,A/RES/61/54,2006,2005-2008,pré-2009,Desenvolvimento econômico,0,1,177,99.42857142857144
4701,A/RES/61/69,2006,2005-2008,pré-2009,Armas/desarmamento/nuclear,0,1,179,93.22033898305084
4702,A/RES/61/76,2006,2005-2008,pré-2009,Armas/desarmamento/nuclear,0,1,180,99.438202247191
4703,A/RES/61/104,2006,2005-2008,pré-2009,Armas/desarmamento/nuclear,0,1,178,96.5909090909091
4704,A/RES/61/103,2006,2005-2008,pré-2009,Armas/desarmamento/nuclear,0,1,177,93.71428571428572
4705,A/RES/61/116,2006,2005-2008,pré-2009,Descolonização; Direitos humanos; Palestina/Oriente Médio,1,1,180,50.561797752808985
4706,A/RES/61/128B,2006,2005-2008,pré-2009,Descolonização,0,1,177,97.71428571428572
4707,A/RES/61/128A,2006,2005-2008,pré-2009,Descolonização,0,1,177,97.71428571428572
4708,A/RES/61/114,2006,2005-2008,pré-2009,Palestina/Oriente Médio,0,1,183,92.26519337016576
4709,A/RES/61/115,2006,2005-2008,pré-2009,Palestina/Oriente Médio,0,1,184,92.3076923076923
4710,A/RES/61/135,2006,2005-2008,pré-2009,Palestina/Oriente Médio,0,1,165,96.31901840490798
4711,A/RES/61/130,2006,2005-2008,pré-2009,Descolonização,0,1,181,97.20670391061452
4712,A/RES/61/129,2006,2005-2008,pré-2009,Descolonização,0,1,180,97.75280898876404
4713,A/RES/61/128AB,2006,2005-2008,pré-2009,Descolonização,0,1,178,97.72727272727272
4715,A/RES/61/112,2006,2005-2008,pré-2009,Palestina/Oriente Médio,0,1,183,94.47513812154696
4716,A/RES/61/113,2006,2005-2008,pré-2009,Outros / sem codificação,0,1,183,92.81767955801104
4717,A/RES/61/117,2006,2005-2008,pré-2009,Descolonização; Direitos humanos; Palestina/Oriente Médio,0,1,182,90.55555555555556
4718,A/RES/61/118,2006,2005-2008,pré-2009,Descolonização; Direitos humanos; Palestina/Oriente Médio,0,1,180,89.88764044943821
4719,A/RES/61/119,2006,2005-2008,pré-2009,Descolonização; Direitos humanos; Palestina/Oriente Médio,0,1,180,87.64044943820225
4720,A/RES/61/120,2006,2005-2008,pré-2009,Descolonização; Direitos humanos; Palestina/Oriente Médio,0,1,181,89.94413407821229
4721,A/RES/61/122,2006,2005-2008,pré-2009,Descolonização,0,1,183,97.79005524861878
4722,A/RES/61/123,2006,2005-2008,pré-2009,Descolonização; Desenvolvimento econômico,0,1,183,97.79005524861878
4723,A/RES/61/176,2006,2005-2008,pré-2009,Direitos humanos,1,0,177,
4724,A/RES/61/175,2006,2005-2008,pré-2009,Direitos humanos,1,0,173,
4725,A/RES/61/174,2006,2005-2008,pré-2009,Direitos humanos,1,0,176,
4726,A/RES/61/173,2006,2005-2008,pré-2009,Outros / sem codificação,0,0,179,
4727,A/RES/61/170,2006,2005-2008,pré-2009,Direitos humanos,0,1,185,70.49180327868852
4728,A/RES/61/169,2006,2005-2008,pré-2009,Desenvolvimento econômico; Direitos humanos,0,1,187,71.89189189189189
4729,A/RES/61/166,2006,2005-2008,pré-2009,Direitos humanos,0,0,176,
4730,A/RES/61/164,2006,2005-2008,pré-2009,Outros / sem codificação,1,1,183,60.22099447513812
4731,A/RES/61/163,2006,2005-2008,pré-2009,Direitos humanos,0,1,186,99.45652173913044
4732,A/RES/61/162,2006,2005-2008,pré-2009,Direitos humanos,0,1,184,65.93406593406593
4733,A/RES/61/160,2006,2005-2008,pré-2009,Outros / sem codificação,0,1,184,67.03296703296704
4734,A/RES/61/159,2006,2005-2008,pré-2009,Direitos humanos,0,0,180,
4735,A/RES/61/156,2006,2005-2008,pré-2009,Direitos humanos,0,0,187,
4736,A/RES/61/154,2006,2005-2008,pré-2009,Direitos humanos; Palestina/Oriente Médio,0,1,183,60.773480662983424
4737,A/RES/61/152,2006,2005-2008,pré-2009,Descolonização; Direitos humanos; Palestina/Oriente Médio,0,1,186,94.56521739130434
4738,A/RES/61/151,2006,2005-2008,pré-2009,Descolonização; Direitos humanos,0,1,185,68.30601092896175
4739,A/RES/61/149,2006,2005-2008,pré-2009,Direitos humanos,0,1,185,96.72131147540983
4740,A/RES/61/147,2006,2005-2008,pré-2009,Direitos humanos,0,1,185,65.02732240437159
4741,A/RES/61/146,2006,2005-2008,pré-2009,Direitos humanos,0,1,186,99.45652173913044
4742,A/RES/61/222,2006,2005-2008,pré-2009,Outros / sem codificação,0,1,161,97.48427672955977
4743,A/RES/61/201,2006,2005-2008,pré-2009,Outros / sem codificação,0,1,183,75.13812154696133
4744,A/RES/61/194,2006,2005-2008,pré-2009,Outros / sem codificação,0,1,176,96.55172413793105
4745,A/RES/61/186,2006,2005-2008,pré-2009,Desenvolvimento econômico,1,1,183,70.7182320441989
4746,A/RES/61/184,2006,2005-2008,pré-2009,Palestina/Oriente Médio,0,1,179,91.52542372881356
4747,A/RES/61/178,2006,2005-2008,pré-2009,Direitos humanos,0,1,174,51.16279069767442
4748,A/RES/61/250A,2006,2005-2008,pré-2009,Outros / sem codificação,0,1,149,97.27891156462584
4749,A/RES/61/232,2006,2005-2008,pré-2009,Direitos humanos,1,0,152,
5782,A/RES/60/278,2006,2005-2008,pré-2009,Palestina/Oriente Médio,,1,155,64.05228758169935
5783,A/RES/61/11,2006,2005-2008,pré-2009,Outros / sem codificação,,1,182,69.44444444444444
5784,A/RES/61/69,2006,2005-2008,pré-2009,Armas/desarmamento/nuclear; Desenvolvimento econômico,,1,173,93.5672514619883
5785,A/RES/61/69,2006,2005-2008,pré-2009,Outros / sem codificação,,1,174,94.18604651162792
5786,A/RES/61/72,2006,2005-2008,pré-2009,Armas/desarmamento/nuclear,,1,174,98.83720930232558
5787,A/RES/61/77,2006,2005-2008,pré-2009,Outros / sem codificação,,1,175,87.861271676300575
5788,A/RES/61/77,2006,2005-2008,pré-2009,Outros / sem codificação,,1,175,87.861271676300575
5789,A/RES/61/77,2006,2005-2008,pré-2009,Outros / sem codificação,,1,174,87.79069767441861
5790,A/RES/61/77,2006,2005-2008,pré-2009,Outros / sem codificação,,1,175,87.861271676300575
5791,A/RES/61/77,2006,2005-2008,pré-2009,Outros / sem codificação,,1,173,88.30409356725146
5792,A/RES/61/77,2006,2005-2008,pré-2009,Outros / sem codificação,,1,174,88.37209302325581
5793,A/RES/61/77,2006,2005-2008,pré-2009,Outros / sem codificação,,1,175,88.4393063583815
5794,A/RES/61/83,2006,2005-2008,pré-2009,Armas/desarmamento/nuclear,,1,176,95.40229885057472
5795,A/RES/61/89,2006,2005-2008,pré-2009,Armas/desarmamento/nuclear; Desenvolvimento econômico,,0,171,
5796,A/RES/61/89,2006,2005-2008,pré-2009,Outros / sem codificação,,0,169,
5797,A/RES/61/103,2006,2005-2008,pré-2009,Armas/desarmamento/nuclear,,1,173,95.32163742690058
5798,A/RES/61/156,2006,2005-2008,pré-2009,Direitos humanos,,0,187,
5799,A/RES/61/173,2006,2005-2008,pré-2009,Direitos humanos,,0,164,
5800,A/RES/61/173,2006,2005-2008,pré-2009,Outros / sem codificação,,0,165,
5801,A/RES/61/175,2006,2005-2008,pré-2009,Outros / sem codificação,,0,178,
5802,A/RES/61/176,2006,2005-2008,pré-2009,Outros / sem codificação,,0,180,
5804,A/RES/61/232,2006,2005-2008,pré-2009,Outros / sem codificação,,0,153,
5805,A/RES/61/250,2006,2005-2008,pré-2009,Palestina/Oriente Médio,,1,146,64.58333333333333
4751,A/RES/61/250B,2007,2005-2008,pré-2009,Palestina/Oriente Médio,0,1,139,97.08029197080292
4752,A/RES/61/250C,2007,2005-2008,pré-2009,Palestina/Oriente Médio,0,1,144,97.88732394366195
4753,A/RES/61/295,2007,2005-2008,pré-2009,Direitos humanos,0,1,158,90.3846153846154
4754,A/RES/62/3,2007,2005-2008,pré-2009,Desenvolvimento econômico,1,1,189,97.32620320855617
4755,A/RES/62/19,2007,2005-2008,pré-2009,Armas/desarmamento/nuclear,0,1,178,67.61363636363636
4756,A/RES/62/32,2007,2005-2008,pré-2009,Armas/desarmamento/nuclear,0,0,181,
4757,A/RES/62/20,2007,2005-2008,pré-2009,Armas/desarmamento/nuclear,0,1,180,98.87640449438204
4758,A/RES/62/41,2007,2005-2008,pré-2009,Armas/desarmamento/nuclear,0,1,182,90
4759,A/RES/62/39,2007,2005-2008,pré-2009,Armas/desarmamento/nuclear,0,1,181,69.83240223463687
4760,A/RES/62/44,2007,2005-2008,pré-2009,Armas/desarmamento/nuclear,0,1,179,98.87005649717514
4761,A/RES/62/42,2007,2005-2008,pré-2009,Armas/desarmamento/nuclear,0,1,181,64.24581005586592
4762,A/RES/62/47,2007,2005-2008,pré-2009,Armas/desarmamento/nuclear; Desenvolvimento econômico,0,1,180,99.438202247191
4763,A/RES/62/28,2007,2005-2008,pré-2009,Armas/desarmamento/nuclear,0,1,179,97.74011299435028
4764,A/RES/62/43,2007,2005-2008,pré-2009,Outros / sem codificação,0,1,181,98.8826815642458
4765,A/RES/62/24,2007,2005-2008,pré-2009,Armas/desarmamento/nuclear,0,0,179,
4766,A/RES/62/25,2007,2005-2008,pré-2009,Armas/desarmamento/nuclear,0,1,175,89.01734104046243
4767,A/RES/62/14,2007,2005-2008,pré-2009,Outros / sem codificação,0,1,180,71.91011235955057
4768,A/RES/62/35,2007,2005-2008,pré-2009,Armas/desarmamento/nuclear,0,1,180,93.82022471910112
4769,A/RES/62/27,2007,2005-2008,pré-2009,Armas/desarmamento/nuclear,0,1,180,67.97752808988764
4770,A/RES/62/17,2007,2005-2008,pré-2009,Desenvolvimento econômico,0,1,180,99.438202247191
4772,A/RES/62/31,2007,2005-2008,pré-2009,Armas/desarmamento/nuclear,0,1,180,96.62921348314607
4773,A/RES/62/36,2007,2005-2008,pré-2009,Armas/desarmamento/nuclear,0,0,178,
4774,A/RES/62/48,2007,2005-2008,pré-2009,Armas/desarmamento/nuclear; Desenvolvimento econômico,0,1,182,98.33333333333331
4775,A/RES/62/29,2007,2005-2008,pré-2009,Armas/desarmamento/nuclear,0,1,181,98.8826815642458
4776,A/RES/62/59,2007,2005-2008,pré-2009,Armas/desarmamento/nuclear,0,1,181,97.20670391061452
4777,A/RES/62/51,2007,2005-2008,pré-2009,Armas/desarmamento/nuclear,0,1,182,65.55555555555556
4778,A/RES/62/56,2007,2005-2008,pré-2009,Armas/desarmamento/nuclear,0,1,182,93.33333333333331
4779,A/RES/62/84,2007,2005-2008,pré-2009,Palestina/Oriente Médio,0,1,173,92.39766081871343
4780,A/RES/62/80,2007,2005-2008,pré-2009,Direitos humanos; Palestina/Oriente Médio,1,1,172,62.94117647058823
4781,A/RES/62/81,2007,2005-2008,pré-2009,Direitos humanos; Palestina/Oriente Médio,1,1,172,63.52941176470589
4782,A/RES/62/83,2007,2005-2008,pré-2009,Palestina/Oriente Médio,0,1,173,92.98245614035088
4783,A/RES/62/85,2007,2005-2008,pré-2009,Outros / sem codificação,0,1,173,63.74269005847953
4784,A/RES/62/82,2007,2005-2008,pré-2009,Palestina/Oriente Médio,0,1,174,92.44186046511628
4785,A/RES/62/119,2007,2005-2008,pré-2009,Descolonização,0,1,179,97.74011299435028
4786,A/RES/62/120,2007,2005-2008,pré-2009,Descolonização,0,1,180,97.75280898876404
4787,A/RES/62/113,2007,2005-2008,pré-2009,Descolonização; Desenvolvimento econômico,0,1,180,97.75280898876404
4788,A/RES/62/112,2007,2005-2008,pré-2009,Descolonização,0,1,180,97.75280898876404
4789,A/RES/62/106,2007,2005-2008,pré-2009,Descolonização; Direitos humanos; Palestina/Oriente Médio,1,1,175,52.60115606936416
4790,A/RES/62/107,2007,2005-2008,pré-2009,Descolonização; Direitos humanos; Palestina/Oriente Médio,0,1,178,94.88636363636364
4791,A/RES/62/103,2007,2005-2008,pré-2009,Palestina/Oriente Médio,0,1,179,95.48022598870055
4792,A/RES/62/105,2007,2005-2008,pré-2009,Palestina/Oriente Médio,0,1,179,94.91525423728814
4793,A/RES/62/114,2007,2005-2008,pré-2009,Descolonização,0,1,178,69.31818181818181
4794,A/RES/62/102,2007,2005-2008,pré-2009,Palestina/Oriente Médio,0,1,179,95.48022598870055
4795,A/RES/62/108,2007,2005-2008,pré-2009,Descolonização; Direitos humanos; Palestina/Oriente Médio,0,1,176,93.67816091954025
4796,A/RES/62/110,2007,2005-2008,pré-2009,Descolonização; Direitos humanos; Palestina/Oriente Médio,0,1,175,93.64161849710985
4797,A/RES/62/104,2007,2005-2008,pré-2009,Palestina/Oriente Médio,0,1,179,94.91525423728814
4798,A/RES/62/142,2007,2005-2008,pré-2009,Direitos humanos,0,1,186,70.1086956521739
4799,A/RES/62/143,2007,2005-2008,pré-2009,Direitos humanos,0,1,183,96.68508287292818
4800,A/RES/62/162,2007,2005-2008,pré-2009,Direitos humanos,0,1,186,70.65217391304348
4801,A/RES/62/149,2007,2005-2008,pré-2009,Direitos humanos,0,0,187,
4802,A/RES/62/163,2007,2005-2008,pré-2009,Direitos humanos,0,1,186,67.3913043478261
4803,A/RES/62/154,2007,2005-2008,pré-2009,Direitos humanos,0,0,185,
4804,A/RES/62/164,2007,2005-2008,pré-2009,Direitos humanos,0,1,188,98.9247311827957
4805,A/RES/62/151,2007,2005-2008,pré-2009,Direitos humanos,0,0,187,
4806,A/RES/62/150,2007,2005-2008,pré-2009,Direitos humanos,0,1,184,98.9010989010989
4807,A/RES/62/169,2007,2005-2008,pré-2009,Direitos humanos,1,0,183,
4808,A/RES/62/146,2007,2005-2008,pré-2009,Descolonização; Direitos humanos; Palestina/Oriente Médio,0,1,185,95.08196721311477
4809,A/RES/62/145,2007,2005-2008,pré-2009,Descolonização; Direitos humanos,0,1,185,68.30601092896175
4810,A/RES/62/161,2007,2005-2008,pré-2009,Desenvolvimento econômico; Direitos humanos,0,1,189,71.65775401069519
4811,A/RES/62/166,2007,2005-2008,pré-2009,Direitos humanos,0,0,185,
4812,A/RES/62/141,2007,2005-2008,pré-2009,Direitos humanos,0,1,184,99.45054945054945
4813,A/RES/62/167,2007,2005-2008,pré-2009,Direitos humanos,1,0,182,
4814,A/RES/62/168,2007,2005-2008,pré-2009,Direitos humanos,1,0,181,
4815,A/RES/62/184,2007,2005-2008,pré-2009,Desenvolvimento econômico,1,1,181,69.27374301675978
4816,A/RES/62/183,2007,2005-2008,pré-2009,Desenvolvimento econômico,0,1,181,70.39106145251397
4817,A/RES/62/181,2007,2005-2008,pré-2009,Palestina/Oriente Médio,0,1,179,92.65536723163842
4818,A/RES/62/190,2007,2005-2008,pré-2009,Desenvolvimento econômico,1,1,177,82.85714285714286
4819,A/RES/62/188,2007,2005-2008,pré-2009,Desenvolvimento econômico,0,1,180,93.82022471910112
4820,A/RES/62/222,2007,2005-2008,pré-2009,Direitos humanos,1,0,152,
4821,A/RES/62/241,2007,2005-2008,pré-2009,Desenvolvimento econômico,0,1,142,98.57142857142856
4822,A/RES/62/236,2007,2005-2008,pré-2009,Desenvolvimento econômico,1,1,143,99.29078014184395
4823,A/RES/62/218,2007,2005-2008,pré-2009,Outros / sem codificação,0,1,155,99.34640522875816
4824,A/RES/62/215,2007,2005-2008,pré-2009,Outros / sem codificação,0,1,151,96.64429530201342
4825,A/RES/62/220,2007,2005-2008,pré-2009,Direitos humanos,0,1,158,66.02564102564102
4826,A/RES/62/216,2007,2005-2008,pré-2009,Armas/desarmamento/nuclear,0,1,155,96.73202614379085
4827,A/RES/62/219,2007,2005-2008,pré-2009,Direitos humanos,1,1,158,94.87179487179488
5806,A/RES/61/250B,2007,2005-2008,pré-2009,Palestina/Oriente Médio,,1,138,59.55882352941177
5807,A/RES/61/250C,2007,2005-2008,pré-2009,Palestina/Oriente Médio,,1,140,63.04347826086956
5808,A/RES/62/25,2007,2005-2008,pré-2009,Armas/desarmamento/nuclear,,1,172,95.88235294117646
5809,A/RES/62/35,2007,2005-2008,pré-2009,Armas/desarmamento/nuclear,,1,173,94.15204678362574
5810,A/RES/62/35,2007,2005-2008,pré-2009,Outros / sem codificação,,1,172,94.70588235294116
5811,A/RES/62/56,2007,2005-2008,pré-2009,Armas/desarmamento/nuclear,,1,175,94.79768786127168
5812,A/RES/62/86,2007,2005-2008,pré-2009,Outros / sem codificação,,1,165,98.77300613496932
5813,A/RES/62/120,2007,2005-2008,pré-2009,Outros / sem codificação,,1,180,97.19101123595506
5814,A/RES/62/150,2007,2005-2008,pré-2009,Outros / sem codificação,,1,181,92.73743016759776
5815,,2007,2005-2008,pré-2009,Outros / sem codificação,,0,184,
5816,,2007,2005-2008,pré-2009,Outros / sem codificação,,0,172,
5817,A/RES/62/168,2007,2005-2008,pré-2009,Outros / sem codificação,,0,181,
5818,A/RES/62/193,2007,2005-2008,pré-2009,Outros / sem codificação,,1,175,98.84393063583816
5819,A/RES/62/217,2007,2005-2008,pré-2009,Outros / sem codificação,,1,149,88.43537414965986
5820,A/RES/62/218,2007,2005-2008,pré-2009,Outros / sem codificação,,0,150,
5821,A/RES/62/218,2007,2005-2008,pré-2009,Outros / sem codificação,,1,149,87.75510204081633
5822,A/RES/62/238,2007,2005-2008,pré-2009,Outros / sem codificação,,1,129,98.4251968503937
4828,A/RES/62/243,2008,2005-2008,pré-2009,Descolonização,0,1,146,68.75
4830,A/RES/62/270,2008,2005-2008,pré-2009,Desenvolvimento econômico,0,1,143,59.57446808510638
4831,A/RES/63/3,2008,2005-2008,pré-2009,Outros / sem codificação,0,1,157,49.03225806451613
4833,A/RES/63/7,2008,2005-2008,pré-2009,Desenvolvimento econômico,1,1,190,97.34042553191487
4834,A/RES/63/13,2008,2005-2008,pré-2009,Armas/desarmamento/nuclear,0,1,64,98.38709677419357
4835,A/RES/63/31,2008,2005-2008,pré-2009,Outros / sem codificação,0,1,174,66.27906976744185
4836,A/RES/63/30,2008,2005-2008,pré-2009,Palestina/Oriente Médio,0,1,175,93.0635838150289
4837,A/RES/63/29,2008,2005-2008,pré-2009,Palestina/Oriente Médio,0,1,174,94.18604651162792
4838,A/RES/63/28,2008,2005-2008,pré-2009,Palestina/Oriente Médio,0,1,174,93.02325581395348
4839,A/RES/63/27,2008,2005-2008,pré-2009,Direitos humanos; Palestina/Oriente Médio,1,1,171,61.53846153846154
4840,A/RES/63/26,2008,2005-2008,pré-2009,Direitos humanos; Palestina/Oriente Médio,1,1,172,61.76470588235294
4841,A/RES/63/69,2008,2005-2008,pré-2009,Armas/desarmamento/nuclear,0,1,182,87.77777777777777
4842,A/RES/63/72,2008,2005-2008,pré-2009,Armas/desarmamento/nuclear; Desenvolvimento econômico,0,1,182,99.44444444444444
4843,A/RES/63/73,2008,2005-2008,pré-2009,Armas/desarmamento/nuclear; Descolonização,0,0,183,
4844,A/RES/63/53,2008,2005-2008,pré-2009,Armas/desarmamento/nuclear,0,1,178,97.72727272727272
4845,A/RES/63/84,2008,2005-2008,pré-2009,Armas/desarmamento/nuclear,0,1,180,93.82022471910112
4846,A/RES/63/87,2008,2005-2008,pré-2009,Armas/desarmamento/nuclear,0,1,179,97.74011299435028
4847,A/RES/63/68,2008,2005-2008,pré-2009,Outros / sem codificação,0,1,182,98.88888888888889
4848,A/RES/63/65,2008,2005-2008,pré-2009,Armas/desarmamento/nuclear,0,1,181,94.41340782122904
4849,A/RES/63/64,2008,2005-2008,pré-2009,Armas/desarmamento/nuclear,0,1,178,89.20454545454545
4850,A/RES/63/50,2008,2005-2008,pré-2009,Armas/desarmamento/nuclear,0,1,181,69.27374301675978
4851,A/RES/63/63,2008,2005-2008,pré-2009,Armas/desarmamento/nuclear,0,1,180,78.08988764044943
4852,A/RES/63/62,2008,2005-2008,pré-2009,Armas/desarmamento/nuclear,0,1,182,100
4854,A/RES/63/58,2008,2005-2008,pré-2009,Armas/desarmamento/nuclear,0,1,178,93.1818181818182
4856,A/RES/63/49,2008,2005-2008,pré-2009,Armas/desarmamento/nuclear,0,0,182,
4857,A/RES/63/46,2008,2005-2008,pré-2009,Armas/desarmamento/nuclear,0,1,181,64.24581005586592
4858,A/RES/63/47,2008,2005-2008,pré-2009,Armas/desarmamento/nuclear,0,0,182,
4859,A/RES/63/44,2008,2005-2008,pré-2009,Armas/desarmamento/nuclear,0,1,178,98.29545454545456
4860,A/RES/63/42,2008,2005-2008,pré-2009,Armas/desarmamento/nuclear,0,1,181,89.94413407821229
4861,A/RES/63/41,2008,2005-2008,pré-2009,Armas/desarmamento/nuclear,0,0,178,
4862,A/RES/63/40,2008,2005-2008,pré-2009,Armas/desarmamento/nuclear,0,1,179,98.87005649717514
4863,A/RES/63/39,2008,2005-2008,pré-2009,Armas/desarmamento/nuclear,0,1,181,67.0391061452514
4864,A/RES/63/37,2008,2005-2008,pré-2009,Desenvolvimento econômico,0,1,179,99.43502824858756
4865,A/RES/63/36,2008,2005-2008,pré-2009,Armas/desarmamento/nuclear; Desenvolvimento econômico,0,1,177,98.85714285714286
4866,A/RES/63/75,2008,2005-2008,pré-2009,Armas/desarmamento/nuclear,0,1,181,66.4804469273743
4867,A/RES/63/91,2008,2005-2008,pré-2009,Palestina/Oriente Médio,0,1,180,96.06741573033707
4868,A/RES/63/101,2008,2005-2008,pré-2009,Descolonização,0,1,181,97.7653631284916
4869,A/RES/63/110,2008,2005-2008,pré-2009,Descolonização,0,1,181,97.7653631284916
4870,A/RES/63/109,2008,2005-2008,pré-2009,Descolonização,0,1,181,97.7653631284916
4871,A/RES/63/103,2008,2005-2008,pré-2009,Descolonização,0,1,180,69.10112359550561
4872,A/RES/63/102,2008,2005-2008,pré-2009,Descolonização; Desenvolvimento econômico,0,1,183,97.79005524861878
4873,A/RES/63/111,2008,2005-2008,pré-2009,Outros / sem codificação,0,1,160,96.83544303797468
4874,A/RES/63/99,2008,2005-2008,pré-2009,Descolonização; Direitos humanos; Palestina/Oriente Médio,0,1,179,95.48022598870055
4875,A/RES/63/98,2008,2005-2008,pré-2009,Descolonização; Direitos humanos; Palestina/Oriente Médio,0,1,177,93.14285714285714
4876,A/RES/63/92,2008,2005-2008,pré-2009,Palestina/Oriente Médio,0,1,180,95.50561797752808
4877,A/RES/63/94,2008,2005-2008,pré-2009,Palestina/Oriente Médio,0,1,181,95.53072625698324
4878,A/RES/63/95,2008,2005-2008,pré-2009,Descolonização; Direitos humanos; Palestina/Oriente Médio,1,1,175,53.17919075144509
4879,A/RES/63/93,2008,2005-2008,pré-2009,Palestina/Oriente Médio,0,1,181,95.53072625698324
4880,A/RES/63/96,2008,2005-2008,pré-2009,Descolonização; Direitos humanos; Palestina/Oriente Médio,0,1,180,96.06741573033707
4881,A/RES/63/97,2008,2005-2008,pré-2009,Descolonização; Direitos humanos; Palestina/Oriente Médio,0,1,179,95.48022598870055
4882,A/RES/63/190,2008,2005-2008,pré-2009,Direitos humanos,1,0,179,
4883,A/RES/63/189,2008,2005-2008,pré-2009,Direitos humanos,0,1,186,66.30434782608695
4884,A/RES/63/188,2008,2005-2008,pré-2009,Direitos humanos,0,1,185,65.02732240437159
4885,A/RES/63/187,2008,2005-2008,pré-2009,Direitos humanos,0,1,185,99.4535519125683
4886,A/RES/63/182,2008,2005-2008,pré-2009,Direitos humanos,0,0,185,
4887,A/RES/63/179,2008,2005-2008,pré-2009,Direitos humanos,0,1,186,70.65217391304348
4888,A/RES/63/178,2008,2005-2008,pré-2009,Desenvolvimento econômico; Direitos humanos,0,1,188,96.7741935483871
4889,A/RES/63/191,2008,2005-2008,pré-2009,Direitos humanos,1,0,180,
4890,A/RES/63/168,2008,2005-2008,pré-2009,Direitos humanos,1,0,186,
4891,A/RES/63/167,2008,2005-2008,pré-2009,Direitos humanos,0,0,185,
4892,A/RES/63/165,2008,2005-2008,pré-2009,Descolonização; Direitos humanos; Palestina/Oriente Médio,0,1,185,93.44262295081968
4893,A/RES/63/164,2008,2005-2008,pré-2009,Descolonização; Direitos humanos,0,1,182,68.33333333333333
4894,A/RES/63/162,2008,2005-2008,pré-2009,Direitos humanos,0,1,185,69.39890710382514
4895,A/RES/63/160,2008,2005-2008,pré-2009,Direitos humanos,1,0,186,
4896,A/RES/63/176,2008,2005-2008,pré-2009,Direitos humanos,0,0,187,
4897,A/RES/63/171,2008,2005-2008,pré-2009,Direitos humanos,1,0,181,
4898,A/RES/63/201,2008,2005-2008,pré-2009,Descolonização; Palestina/Oriente Médio,0,1,177,92.57142857142856
4899,A/RES/63/211,2008,2005-2008,pré-2009,Desenvolvimento econômico,0,1,174,94.76744186046513
4900,A/RES/63/224,2008,2005-2008,pré-2009,Desenvolvimento econômico,1,1,176,69.54022988505747
4901,A/RES/63/240,2008,2005-2008,pré-2009,Armas/desarmamento/nuclear; Desenvolvimento econômico,0,0,153,
4902,A/RES/63/245,2008,2005-2008,pré-2009,Direitos humanos,1,0,150,
4903,A/RES/63/242,2008,2005-2008,pré-2009,Direitos humanos,1,1,157,69.03225806451613
4904,A/RES/63/241,2008,2005-2008,pré-2009,Direitos humanos,0,1,160,99.36708860759494
5823,A/RES/62/265,2008,2005-2008,pré-2009,Palestina/Oriente Médio,,1,141,63.30935251798561
5824,A/RES/63/58,2008,2005-2008,pré-2009,Armas/desarmamento/nuclear,,1,176,94.2528735632184
5825,A/RES/63/62,2008,2005-2008,pré-2009,Armas/desarmamento/nuclear,,1,178,99.4318181818182
5826,A/RES/63/65,2008,2005-2008,pré-2009,Armas/desarmamento/nuclear,,1,180,93.82022471910112
5827,A/RES/63/69,2008,2005-2008,pré-2009,Outros / sem codificação,,1,180,87.64044943820225
5828,A/RES/63/69,2008,2005-2008,pré-2009,Outros / sem codificação,,1,181,87.70949720670392
5829,A/RES/63/69,2008,2005-2008,pré-2009,Outros / sem codificação,,1,180,87.64044943820225
5830,A/RES/63/69,2008,2005-2008,pré-2009,Outros / sem codificação,,1,181,87.70949720670392
5831,A/RES/63/69,2008,2005-2008,pré-2009,Outros / sem codificação,,1,181,87.70949720670392
5832,A/RES/63/69,2008,2005-2008,pré-2009,Outros / sem codificação,,1,181,87.70949720670392
5833,A/RES/63/72,2008,2005-2008,pré-2009,Armas/desarmamento/nuclear; Desenvolvimento econômico,,1,180,98.87640449438204
5834,A/RES/63/72,2008,2005-2008,pré-2009,Outros / sem codificação,,1,179,98.87005649717514
5835,A/RES/63/84,2008,2005-2008,pré-2009,Armas/desarmamento/nuclear,,1,178,94.88636363636364
5836,A/RES/63/182,2008,2005-2008,pré-2009,Outros / sem codificação,,0,168,
5837,A/RES/63/182,2008,2005-2008,pré-2009,Outros / sem codificação,,0,167,
5838,A/RES/63/191,2008,2005-2008,pré-2009,Outros / sem codificação,,0,178,
5839,A/RES/63/191,2008,2005-2008,pré-2009,Outros / sem codificação,,0,172,
5840,A/RES/63/191,2008,2005-2008,pré-2009,Outros / sem codificação,,0,172,
5841,A/RES/63/191,2008,2005-2008,pré-2009,Outros / sem codificação,,0,180,
5842,A/RES/63/240,2008,2005-2008,pré-2009,Armas/desarmamento/nuclear; Desenvolvimento econômico,,0,149,
5843,A/RES/63/240,2008,2005-2008,pré-2009,Outros / sem codificação,,0,151,
5844,A/RES/63/240,2008,2005-2008,pré-2009,Outros / sem codificação,,0,151,
5845,A/RES/63/263,2008,2005-2008,pré-2009,Outros / sem codificação,,1,141,61.8705035971223
4979,A/RES/64/6,2009,2009-2012,pós-2009,Desenvolvimento econômico,1,1,192,97.36842105263158
4980,A/RES/64/10,2009,2009-2012,pós-2009,Direitos humanos,0,1,176,64.36781609195403
4981,A/RES/64/16,2009,2009-2012,pós-2009,Direitos humanos; Palestina/Oriente Médio,1,1,172,63.52941176470589
4982,A/RES/64/17,2009,2009-2012,pós-2009,Direitos humanos; Palestina/Oriente Médio,1,1,175,63.58381502890173
4983,A/RES/64/18,2009,2009-2012,pós-2009,Palestina/Oriente Médio,0,1,175,92.48554913294798
4984,A/RES/64/19,2009,2009-2012,pós-2009,Palestina/Oriente Médio,0,1,175,93.64161849710985
4985,A/RES/64/20,2009,2009-2012,pós-2009,Palestina/Oriente Médio,0,1,175,93.0635838150289
4986,A/RES/64/21,2009,2009-2012,pós-2009,Outros / sem codificação,0,1,174,66.27906976744185
4987,A/RES/64/23,2009,2009-2012,pós-2009,Outros / sem codificação,0,1,176,72.41379310344827
4988,A/RES/64/28,2009,2009-2012,pós-2009,Armas/desarmamento/nuclear,0,1,178,98.86363636363636
4989,A/RES/64/31,2009,2009-2012,pós-2009,Armas/desarmamento/nuclear,0,0,175,
4990,A/RES/64/34,2009,2009-2012,pós-2009,Armas/desarmamento/nuclear,0,1,176,68.96551724137932
4991,A/RES/64/37,2009,2009-2012,pós-2009,Armas/desarmamento/nuclear,0,0,179,
4992,A/RES/64/39,2009,2009-2012,pós-2009,Armas/desarmamento/nuclear,0,1,180,96.62921348314607
4993,A/RES/64/42,2009,2009-2012,pós-2009,Armas/desarmamento/nuclear,0,1,177,98.28571428571428
4994,A/RES/64/44,2009,2009-2012,pós-2009,Armas/desarmamento/nuclear,0,1,179,94.91525423728814
4995,A/RES/64/47,2009,2009-2012,pós-2009,Armas/desarmamento/nuclear; Descolonização,1,0,181,
4996,A/RES/64/48,2009,2009-2012,pós-2009,Armas/desarmamento/nuclear; Desenvolvimento econômico,0,0,172,
4997,A/RES/64/50,2009,2009-2012,pós-2009,Armas/desarmamento/nuclear; Desenvolvimento econômico,0,1,180,100
4998,A/RES/64/52,2009,2009-2012,pós-2009,Armas/desarmamento/nuclear,0,1,175,94.79768786127168
4999,A/RES/64/53,2009,2009-2012,pós-2009,Armas/desarmamento/nuclear,0,1,175,63.58381502890173
5000,A/RES/64/54,2009,2009-2012,pós-2009,Armas/desarmamento/nuclear,0,1,176,86.7816091954023
5001,A/RES/64/55,2009,2009-2012,pós-2009,Armas/desarmamento/nuclear,0,1,176,70.11494252873563
5002,A/RES/64/56,2009,2009-2012,pós-2009,Armas/desarmamento/nuclear,0,1,178,89.77272727272727
5003,A/RES/64/57,2009,2009-2012,pós-2009,Armas/desarmamento/nuclear,0,1,179,94.35028248587572
5004,A/RES/64/59,2009,2009-2012,pós-2009,Armas/desarmamento/nuclear,0,1,178,64.77272727272727
5005,A/RES/64/66,2009,2009-2012,pós-2009,Armas/desarmamento/nuclear,0,1,179,93.22033898305084
5006,A/RES/64/69,2009,2009-2012,pós-2009,Armas/desarmamento/nuclear,1,1,179,97.74011299435028
5007,A/RES/64/27,2009,2009-2012,pós-2009,Armas/desarmamento/nuclear,0,1,176,66.66666666666667
5008,A/RES/64/71,2009,2009-2012,pós-2009,Outros / sem codificação,0,1,124,96.72131147540983
5009,A/RES/64/89,2009,2009-2012,pós-2009,Palestina/Oriente Médio,0,1,176,94.2528735632184
5010,A/RES/64/90,2009,2009-2012,pós-2009,Palestina/Oriente Médio,0,1,177,94.85714285714286
5011,A/RES/64/91,2009,2009-2012,pós-2009,Descolonização; Direitos humanos; Palestina/Oriente Médio,1,1,175,52.02312138728324
5012,A/RES/64/93,2009,2009-2012,pós-2009,Descolonização; Direitos humanos; Palestina/Oriente Médio,0,1,177,94.28571428571428
5013,A/RES/64/94,2009,2009-2012,pós-2009,Descolonização; Direitos humanos; Palestina/Oriente Médio,0,1,176,91.95402298850574
5014,A/RES/64/98,2009,2009-2012,pós-2009,Descolonização; Desenvolvimento econômico,0,1,177,97.71428571428572
5015,A/RES/64/99,2009,2009-2012,pós-2009,Descolonização,0,1,176,69.54022988505747
5016,A/RES/64/105,2009,2009-2012,pós-2009,Descolonização,0,1,177,97.71428571428572
5017,A/RES/64/88,2009,2009-2012,pós-2009,Outros / sem codificação,0,1,177,93.71428571428572
5018,A/RES/64/106,2009,2009-2012,pós-2009,Descolonização,0,1,177,97.14285714285714
5019,A/RES/64/87,2009,2009-2012,pós-2009,Palestina/Oriente Médio,0,1,176,95.40229885057472
5020,A/RES/64/92,2009,2009-2012,pós-2009,Descolonização; Direitos humanos; Palestina/Oriente Médio,0,1,178,94.3181818181818
5021,A/RES/64/95,2009,2009-2012,pós-2009,Descolonização; Direitos humanos; Palestina/Oriente Médio,0,1,178,93.1818181818182
5022,A/RES/64/97,2009,2009-2012,pós-2009,Descolonização,0,1,175,97.6878612716763
5023,A/RES/64/147,2009,2009-2012,pós-2009,Direitos humanos,0,1,182,69.44444444444444
5024,A/RES/64/160,2009,2009-2012,pós-2009,Direitos humanos,0,0,186,
5025,A/RES/64/170,2009,2009-2012,pós-2009,Direitos humanos,0,1,186,70.65217391304348
5026,A/RES/64/172,2009,2009-2012,pós-2009,Desenvolvimento econômico; Direitos humanos,0,1,186,71.19565217391305
5027,A/RES/64/173,2009,2009-2012,pós-2009,Direitos humanos,0,1,186,70.1086956521739
5028,A/RES/64/174,2009,2009-2012,pós-2009,Direitos humanos,0,1,183,68.50828729281768
5029,A/RES/64/175,2009,2009-2012,pós-2009,Direitos humanos,1,0,181,
5030,A/RES/64/176,2009,2009-2012,pós-2009,Direitos humanos,1,0,182,
5031,A/RES/64/148,2009,2009-2012,pós-2009,Direitos humanos,1,1,184,69.23076923076923
5032,A/RES/64/150,2009,2009-2012,pós-2009,Descolonização; Direitos humanos; Palestina/Oriente Médio,0,1,185,95.08196721311477
5033,A/RES/64/151,2009,2009-2012,pós-2009,Descolonização; Direitos humanos,0,1,183,68.50828729281768
5034,A/RES/64/152,2009,2009-2012,pós-2009,Direitos humanos,0,1,185,100
5035,A/RES/64/156,2009,2009-2012,pós-2009,Direitos humanos,1,0,183,
5036,A/RES/64/157,2009,2009-2012,pós-2009,Direitos humanos,0,1,186,67.93478260869566
5037,A/RES/64/195,2009,2009-2012,pós-2009,Desenvolvimento econômico,0,1,179,91.52542372881356
5038,A/RES/64/185,2009,2009-2012,pós-2009,Descolonização; Palestina/Oriente Médio,0,1,180,91.57303370786516
5039,A/RES/64/188,2009,2009-2012,pós-2009,Desenvolvimento econômico,0,1,177,68.57142857142857
5040,A/RES/64/209,2009,2009-2012,pós-2009,Desenvolvimento econômico,0,1,174,70.93023255813954
5041,A/RES/64/197,2009,2009-2012,pós-2009,Desenvolvimento econômico,1,1,179,81.35593220338983
5042,A/RES/64/189,2009,2009-2012,pós-2009,Desenvolvimento econômico,0,1,178,69.31818181818181
5043,A/RES/64/238,2009,2009-2012,pós-2009,Direitos humanos,1,0,148,
5846,A/RES/63/298,2009,2009-2012,pós-2009,Palestina/Oriente Médio,,1,129,59.05511811023622
5847,A/RES/63/307,2009,2009-2012,pós-2009,Outros / sem codificação,,0,143,
5848,A/RES/64/246,2009,2009-2012,pós-2009,Armas/desarmamento/nuclear; Desenvolvimento econômico,,1,176,98.27586206896552
5850,A/RES/64/44,2009,2009-2012,pós-2009,Armas/desarmamento/nuclear,,1,177,94.85714285714286
5851,A/RES/64/50,2009,2009-2012,pós-2009,Armas/desarmamento/nuclear; Desenvolvimento econômico,,1,179,99.43502824858756
5852,A/RES/64/50,2009,2009-2012,pós-2009,Outros / sem codificação,,1,178,99.4318181818182
5853,A/RES/64/54,2009,2009-2012,pós-2009,Outros / sem codificação,,1,174,86.04651162790698
5854,A/RES/64/54,2009,2009-2012,pós-2009,Outros / sem codificação,,1,175,87.28323699421965
5855,A/RES/64/54,2009,2009-2012,pós-2009,Outros / sem codificação,,1,174,87.20930232558139
5856,A/RES/64/54,2009,2009-2012,pós-2009,Outros / sem codificação,,1,174,87.20930232558139
5857,A/RES/64/54,2009,2009-2012,pós-2009,Outros / sem codificação,,1,174,86.04651162790698
5858,A/RES/64/54,2009,2009-2012,pós-2009,Outros / sem codificação,,1,175,87.28323699421965
5859,A/RES/64/57,2009,2009-2012,pós-2009,Armas/desarmamento/nuclear,,1,169,96.40718562874252
5860,A/RES/64/66,2009,2009-2012,pós-2009,Armas/desarmamento/nuclear,,1,175,93.64161849710985
5861,A/RES/64/69,2009,2009-2012,pós-2009,Armas/desarmamento/nuclear,,1,177,96
5862,A/RES/64/109,2009,2009-2012,pós-2009,Palestina/Oriente Médio,,1,114,78.57142857142857
5863,A/RES/64/152,2009,2009-2012,pós-2009,Outros / sem codificação,,0,175,
5864,A/RES/64/245,2009,2009-2012,pós-2009,Outros / sem codificação,,1,140,97.10144927536231
5044,A/RES/64/254,2010,2009-2012,pós-2009,Direitos humanos,0,1,136,71.64179104477611
5046,A/RES/64/292,2010,2009-2012,pós-2009,Direitos humanos,0,1,163,74.53416149068323
5047,A/RES/64/296,2010,2009-2012,pós-2009,Desenvolvimento econômico,0,1,153,55.629139072847686
5049,A/RES/65/6,2010,2009-2012,pós-2009,Desenvolvimento econômico,1,1,192,97.36842105263158
5050,A/RES/65/16,2010,2009-2012,pós-2009,Palestina/Oriente Médio,0,1,176,93.67816091954025
5051,A/RES/65/15,2010,2009-2012,pós-2009,Palestina/Oriente Médio,0,1,177,94.28571428571428
5052,A/RES/65/13,2010,2009-2012,pós-2009,Direitos humanos; Palestina/Oriente Médio,1,1,175,63.58381502890173
5053,A/RES/65/14,2010,2009-2012,pós-2009,Direitos humanos; Palestina/Oriente Médio,1,1,175,62.42774566473989
5054,A/RES/65/18,2010,2009-2012,pós-2009,Outros / sem codificação,0,1,177,66.28571428571429
5055,A/RES/65/17,2010,2009-2012,pós-2009,Palestina/Oriente Médio,0,1,176,94.2528735632184
5056,A/RES/65/37,2010,2009-2012,pós-2009,Outros / sem codificação,0,1,126,97.58064516129032
5057,A/RES/65/43,2010,2009-2012,pós-2009,Armas/desarmamento/nuclear,0,1,177,66.85714285714286
5058,A/RES/65/44,2010,2009-2012,pós-2009,Armas/desarmamento/nuclear,0,1,180,98.87640449438204
5059,A/RES/65/46,2010,2009-2012,pós-2009,Armas/desarmamento/nuclear,0,1,178,98.29545454545456
5060,A/RES/65/48,2010,2009-2012,pós-2009,Armas/desarmamento/nuclear,0,1,182,90.55555555555556
5061,A/RES/65/49,2010,2009-2012,pós-2009,Armas/desarmamento/nuclear,0,1,183,78.45303867403315
5062,A/RES/65/51,2010,2009-2012,pós-2009,Outros / sem codificação,0,1,182,97.77777777777776
5063,A/RES/65/66,2010,2009-2012,pós-2009,Armas/desarmamento/nuclear,0,1,183,97.23756906077348
5064,A/RES/65/68,2010,2009-2012,pós-2009,Outros / sem codificação,0,1,184,99.45054945054945
5065,A/RES/65/71,2010,2009-2012,pós-2009,Armas/desarmamento/nuclear,0,1,182,86.11111111111111
5066,A/RES/65/73,2010,2009-2012,pós-2009,Armas/desarmamento/nuclear,1,0,180,
5067,A/RES/65/75,2010,2009-2012,pós-2009,Outros / sem codificação,0,1,185,98.90710382513662
5068,A/RES/65/76,2010,2009-2012,pós-2009,Armas/desarmamento/nuclear,0,1,184,71.97802197802197
5069,A/RES/65/88,2010,2009-2012,pós-2009,Armas/desarmamento/nuclear,0,1,186,92.3913043478261
5070,A/RES/65/91,2010,2009-2012,pós-2009,Armas/desarmamento/nuclear,1,1,183,97.79005524861878
5071,A/RES/65/54,2010,2009-2012,pós-2009,Armas/desarmamento/nuclear,0,1,183,70.1657458563536
5073,A/RES/65/56,2010,2009-2012,pós-2009,Armas/desarmamento/nuclear,0,1,183,65.19337016574586
5074,A/RES/65/58,2010,2009-2012,pós-2009,Armas/desarmamento/nuclear,0,1,183,95.02762430939228
5075,A/RES/65/59,2010,2009-2012,pós-2009,Armas/desarmamento/nuclear,0,1,183,94.47513812154696
5076,A/RES/65/60,2010,2009-2012,pós-2009,Armas/desarmamento/nuclear,0,0,184,
5077,A/RES/65/65,2010,2009-2012,pós-2009,Armas/desarmamento/nuclear,0,1,182,98.33333333333331
5078,A/RES/65/80,2010,2009-2012,pós-2009,Armas/desarmamento/nuclear,0,1,184,67.03296703296704
5079,A/RES/65/72,2010,2009-2012,pós-2009,Armas/desarmamento/nuclear,1,1,185,4.918032786885246
5080,A/RES/65/100,2010,2009-2012,pós-2009,Palestina/Oriente Médio,0,1,177,95.42857142857144
5081,A/RES/65/101,2010,2009-2012,pós-2009,Palestina/Oriente Médio,0,1,177,95.42857142857144
5082,A/RES/65/102,2010,2009-2012,pós-2009,Descolonização; Direitos humanos; Palestina/Oriente Médio,1,1,175,53.17919075144509
5083,A/RES/65/103,2010,2009-2012,pós-2009,Descolonização; Direitos humanos; Palestina/Oriente Médio,0,1,177,95.42857142857144
5084,A/RES/65/104,2010,2009-2012,pós-2009,Descolonização; Direitos humanos; Palestina/Oriente Médio,0,1,178,94.88636363636364
5085,A/RES/65/105,2010,2009-2012,pós-2009,Descolonização; Direitos humanos; Palestina/Oriente Médio,0,1,176,93.67816091954025
5086,A/RES/65/106,2010,2009-2012,pós-2009,Descolonização; Direitos humanos; Palestina/Oriente Médio,0,1,177,94.28571428571428
5087,A/RES/65/109,2010,2009-2012,pós-2009,Descolonização; Desenvolvimento econômico,0,1,177,97.71428571428572
5088,A/RES/65/110,2010,2009-2012,pós-2009,Descolonização,0,1,175,67.6300578034682
5089,A/RES/65/116,2010,2009-2012,pós-2009,Descolonização,0,1,175,97.6878612716763
5090,A/RES/65/117,2010,2009-2012,pós-2009,Descolonização,0,1,176,97.1264367816092
5091,A/RES/65/118,2010,2009-2012,pós-2009,Descolonização,0,1,171,98.22485207100593
5092,A/RES/65/119,2010,2009-2012,pós-2009,Descolonização,0,1,175,86.1271676300578
5093,A/RES/65/99,2010,2009-2012,pós-2009,Outros / sem codificação,0,1,177,94.28571428571428
5094,A/RES/65/98,2010,2009-2012,pós-2009,Palestina/Oriente Médio,0,1,176,95.97701149425288
5095,A/RES/65/147,2010,2009-2012,pós-2009,Desenvolvimento econômico,0,1,176,92.52873563218392
5096,A/RES/65/142,2010,2009-2012,pós-2009,Desenvolvimento econômico,0,1,173,68.42105263157895
5097,A/RES/65/202,2010,2009-2012,pós-2009,Descolonização; Direitos humanos; Palestina/Oriente Médio,0,1,187,94.5945945945946
5098,A/RES/65/203,2010,2009-2012,pós-2009,Descolonização; Direitos humanos,0,1,184,68.68131868131869
5099,A/RES/65/199,2010,2009-2012,pós-2009,Direitos humanos,0,1,184,69.23076923076923
5100,A/RES/65/206,2010,2009-2012,pós-2009,Direitos humanos,1,0,185,
5101,A/RES/65/208,2010,2009-2012,pós-2009,Direitos humanos,1,0,185,
5102,A/RES/65/216,2010,2009-2012,pós-2009,Direitos humanos,0,1,186,70.65217391304348
5103,A/RES/65/217,2010,2009-2012,pós-2009,Direitos humanos,0,1,184,70.87912087912088
5104,A/RES/65/219,2010,2009-2012,pós-2009,Desenvolvimento econômico; Direitos humanos,0,1,185,71.5846994535519
5105,A/RES/65/222,2010,2009-2012,pós-2009,Direitos humanos,0,1,185,68.30601092896175
5106,A/RES/65/223,2010,2009-2012,pós-2009,Direitos humanos,0,1,185,67.75956284153006
5107,A/RES/65/224,2010,2009-2012,pós-2009,Direitos humanos,1,0,186,
5108,A/RES/65/225,2010,2009-2012,pós-2009,Direitos humanos,1,0,183,
5109,A/RES/65/195,2010,2009-2012,pós-2009,Direitos humanos,1,1,179,68.36158192090396
5110,A/RES/65/226,2010,2009-2012,pós-2009,Direitos humanos,1,0,182,
5866,A/RES/64/296,2010,2009-2012,pós-2009,Outros / sem codificação,,0,153,
5867,A/RES/65/46,2010,2009-2012,pós-2009,Armas/desarmamento/nuclear,,1,176,83.33333333333333
5868,A/RES/65/56,2010,2009-2012,pós-2009,Armas/desarmamento/nuclear,,1,179,94.91525423728814
5869,A/RES/65/58,2010,2009-2012,pós-2009,Armas/desarmamento/nuclear; Desenvolvimento econômico,,1,182,93.88888888888889
5870,A/RES/65/59,2010,2009-2012,pós-2009,Armas/desarmamento/nuclear,,1,176,95.40229885057472
5871,A/RES/65/61,2010,2009-2012,pós-2009,Armas/desarmamento/nuclear,,1,181,98.8826815642458
5872,A/RES/65/66,2010,2009-2012,pós-2009,Outros / sem codificação,,1,182,97.22222222222224
5873,A/RES/65/67,2010,2009-2012,pós-2009,Outros / sem codificação,,1,183,99.4475138121547
5874,A/RES/65/71,2010,2009-2012,pós-2009,Armas/desarmamento/nuclear,,1,179,89.83050847457628
5875,A/RES/65/72,2010,2009-2012,pós-2009,Armas/desarmamento/nuclear,,1,181,97.20670391061452
5876,A/RES/65/72,2010,2009-2012,pós-2009,Outros / sem codificação,,1,179,98.30508474576273
5877,A/RES/65/72,2010,2009-2012,pós-2009,Outros / sem codificação,,0,180,
5878,A/RES/65/75,2010,2009-2012,pós-2009,Outros / sem codificação,,1,184,98.35164835164836
5879,A/RES/65/85,2010,2009-2012,pós-2009,Armas/desarmamento/nuclear,,1,181,98.8826815642458
5880,A/RES/65/85,2010,2009-2012,pós-2009,Outros / sem codificação,,1,184,97.8021978021978
5881,A/RES/65/88,2010,2009-2012,pós-2009,Armas/desarmamento/nuclear,,1,180,97.19101123595506
5882,A/RES/65/88,2010,2009-2012,pós-2009,Outros / sem codificação,,1,181,96.64804469273744
5883,A/RES/65/91,2010,2009-2012,pós-2009,Armas/desarmamento/nuclear,,1,183,97.23756906077348
5884,A/RES/65/206,2010,2009-2012,pós-2009,Direitos humanos,,0,185,
5885,A/RES/65/208,2010,2009-2012,pós-2009,Direitos humanos,,0,175,
5886,A/RES/65/259,2010,2009-2012,pós-2009,Outros / sem codificação,,1,135,89.47368421052632
5111,A/RES/65/272,2011,2009-2012,pós-2009,Palestina/Oriente Médio,0,1,124,99.18032786885246
5112,A/RES/65/276,2011,2009-2012,pós-2009,Outros / sem codificação,0,1,182,98.88888888888889
5113,A/RES/65/281,2011,2009-2012,pós-2009,Direitos humanos,0,1,158,97.435897435897445
5114,A/RES/65/287,2011,2009-2012,pós-2009,Desenvolvimento econômico,0,1,144,50.70422535211268
5115,A/RES/65/303,2011,2009-2012,pós-2009,Palestina/Oriente Médio,0,1,121,96.63865546218489
5116,A/RES/66/11,2011,2009-2012,pós-2009,Direitos humanos,0,1,133,92.36641221374046
5117,A/RES/66/12,2011,2009-2012,pós-2009,Outros / sem codificação,1,1,155,24.836601307189543
5118,A/RES/66/136,2011,2009-2012,pós-2009,Direitos humanos,1,1,184,65.93406593406593
5119,A/RES/66/14,2011,2009-2012,pós-2009,Direitos humanos; Palestina/Oriente Médio,1,1,176,64.94252873563218
5120,A/RES/66/143,2011,2009-2012,pós-2009,Direitos humanos,0,1,190,70.2127659574468
5121,A/RES/66/144,2011,2009-2012,pós-2009,Direitos humanos,0,1,190,72.34042553191489
5122,A/RES/66/146,2011,2009-2012,pós-2009,Descolonização; Direitos humanos; Palestina/Oriente Médio,0,1,192,94.73684210526316
5123,A/RES/66/147,2011,2009-2012,pós-2009,Descolonização; Direitos humanos,0,1,189,68.44919786096257
5124,A/RES/66/15,2011,2009-2012,pós-2009,Direitos humanos; Palestina/Oriente Médio,1,1,177,64
5125,A/RES/66/153,2011,2009-2012,pós-2009,Direitos humanos,0,1,190,70.74468085106383
5126,A/RES/66/154,2011,2009-2012,pós-2009,Direitos humanos,0,1,191,70.8994708994709
5127,A/RES/66/155,2011,2009-2012,pós-2009,Desenvolvimento econômico; Direitos humanos,0,1,189,81.28342245989305
5128,A/RES/66/156,2011,2009-2012,pós-2009,Direitos humanos,0,1,191,71.42857142857143
5129,A/RES/66/159,2011,2009-2012,pós-2009,Direitos humanos,0,1,190,68.08510638297872
5130,A/RES/66/16,2011,2009-2012,pós-2009,Palestina/Oriente Médio,0,1,179,93.78531073446328
5131,A/RES/66/161,2011,2009-2012,pós-2009,Direitos humanos,0,1,191,71.42857142857143
5132,A/RES/66/17,2011,2009-2012,pós-2009,Palestina/Oriente Médio,0,1,178,93.75
5133,A/RES/66/174,2011,2009-2012,pós-2009,Direitos humanos,1,0,190,
5134,A/RES/66/175,2011,2009-2012,pós-2009,Direitos humanos,1,0,183,
5135,A/RES/66/176,2011,2009-2012,pós-2009,Direitos humanos,1,0,187,
5136,A/RES/66/18,2011,2009-2012,pós-2009,Palestina/Oriente Médio,0,1,176,93.10344827586206
5137,A/RES/66/186,2011,2009-2012,pós-2009,Desenvolvimento econômico,0,1,177,68.57142857142857
5138,A/RES/66/19,2011,2009-2012,pós-2009,Outros / sem codificação,0,1,179,66.10169491525424
5139,A/RES/66/192,2011,2009-2012,pós-2009,Desenvolvimento econômico,0,1,179,92.090395480226
5140,A/RES/66/195,2011,2009-2012,pós-2009,Desenvolvimento econômico,0,1,176,79.88505747126437
5141,A/RES/66/1A,2011,2009-2012,pós-2009,Outros / sem codificação,0,1,146,77.77777777777777
5142,A/RES/66/21,2011,2009-2012,pós-2009,Armas/desarmamento/nuclear; Desenvolvimento econômico,0,1,170,98.8095238095238
5143,A/RES/66/22,2011,2009-2012,pós-2009,Outros / sem codificação,0,1,174,70.93023255813954
5144,A/RES/66/225,2011,2009-2012,pós-2009,Descolonização; Palestina/Oriente Médio,0,1,180,92.69662921348316
5145,A/RES/66/230,2011,2009-2012,pós-2009,Direitos humanos,0,0,143,
5146,A/RES/66/231,2011,2009-2012,pós-2009,Outros / sem codificação,0,1,141,94.96402877697842
5147,A/RES/66/26,2011,2009-2012,pós-2009,Armas/desarmamento/nuclear,0,1,177,67.42857142857143
5148,A/RES/66/27,2011,2009-2012,pós-2009,Armas/desarmamento/nuclear,0,1,178,98.86363636363636
5149,A/RES/66/28,2011,2009-2012,pós-2009,Armas/desarmamento/nuclear,0,0,176,
5150,A/RES/66/29,2011,2009-2012,pós-2009,Armas/desarmamento/nuclear,0,1,180,89.88764044943821
5151,A/RES/66/32,2011,2009-2012,pós-2009,Armas/desarmamento/nuclear,0,1,178,69.88636363636364
5152,A/RES/66/33,2011,2009-2012,pós-2009,Armas/desarmamento/nuclear,0,1,178,98.29545454545456
5153,A/RES/66/37,2011,2009-2012,pós-2009,Armas/desarmamento/nuclear,0,1,178,98.29545454545456
5154,A/RES/66/39,2011,2009-2012,pós-2009,Armas/desarmamento/nuclear,0,1,179,87.00564971751412
5155,A/RES/66/40,2011,2009-2012,pós-2009,Armas/desarmamento/nuclear,0,0,181,
5156,A/RES/66/44,2011,2009-2012,pós-2009,Armas/desarmamento/nuclear,0,1,181,87.15083798882682
5157,A/RES/66/45,2011,2009-2012,pós-2009,Armas/desarmamento/nuclear,1,1,181,5.027932960893855
5158,A/RES/66/46,2011,2009-2012,pós-2009,Armas/desarmamento/nuclear,0,1,179,72.31638418079096
5159,A/RES/66/48,2011,2009-2012,pós-2009,Armas/desarmamento/nuclear,0,0,179,
5160,A/RES/66/49,2011,2009-2012,pós-2009,Armas/desarmamento/nuclear,0,1,179,89.83050847457628
5161,A/RES/66/51,2011,2009-2012,pós-2009,Armas/desarmamento/nuclear,0,1,180,64.6067415730337
5162,A/RES/66/57,2011,2009-2012,pós-2009,Armas/desarmamento/nuclear,0,1,177,65.71428571428571
5163,A/RES/66/6,2011,2009-2012,pós-2009,Desenvolvimento econômico,1,1,191,97.35449735449735
5164,A/RES/66/61,2011,2009-2012,pós-2009,Armas/desarmamento/nuclear,0,1,178,93.75
5165,A/RES/66/64,2011,2009-2012,pós-2009,Armas/desarmamento/nuclear,0,1,179,97.74011299435028
5166,A/RES/66/72,2011,2009-2012,pós-2009,Palestina/Oriente Médio,0,1,169,94.61077844311376
5167,A/RES/66/73,2011,2009-2012,pós-2009,Outros / sem codificação,0,1,173,94.15204678362574
5168,A/RES/66/74,2011,2009-2012,pós-2009,Palestina/Oriente Médio,0,1,174,94.76744186046513
5169,A/RES/66/75,2011,2009-2012,pós-2009,Palestina/Oriente Médio,0,1,174,94.76744186046513
5170,A/RES/66/76,2011,2009-2012,pós-2009,Descolonização; Direitos humanos; Palestina/Oriente Médio,1,1,170,50
5171,A/RES/66/77,2011,2009-2012,pós-2009,Descolonização; Direitos humanos; Palestina/Oriente Médio,0,1,173,94.73684210526316
5172,A/RES/66/78,2011,2009-2012,pós-2009,Descolonização; Direitos humanos; Palestina/Oriente Médio,0,1,173,93.5672514619883
5173,A/RES/66/79,2011,2009-2012,pós-2009,Descolonização; Direitos humanos; Palestina/Oriente Médio,0,1,172,92.3529411764706
5174,A/RES/66/80,2011,2009-2012,pós-2009,Descolonização; Direitos humanos; Palestina/Oriente Médio,0,1,174,93.02325581395348
5175,A/RES/66/82,2011,2009-2012,pós-2009,Descolonização,0,1,174,97.67441860465117
5176,A/RES/66/83,2011,2009-2012,pós-2009,Descolonização; Desenvolvimento econômico,0,1,174,97.67441860465117
5177,A/RES/66/84,2011,2009-2012,pós-2009,Descolonização,0,1,171,66.86390532544378
5178,A/RES/66/90,2011,2009-2012,pós-2009,Descolonização,0,1,171,97.0414201183432
5887,A/RES/65/276,2011,2009-2012,pós-2009,Outros / sem codificação,,1,168,84.33734939759036
5888,A/RES/66/1,2011,2009-2012,pós-2009,Outros / sem codificação,,1,141,75.53956834532374
5889,,2011,2009-2012,pós-2009,Outros / sem codificação,,1,150,27.7027027027027
5890,,2011,2009-2012,pós-2009,Outros / sem codificação,,1,151,28.859060402684563
5892,A/RES/66/28,2011,2009-2012,pós-2009,Outros / sem codificação,,1,168,70.48192771084338
5894,A/RES/66/37,2011,2009-2012,pós-2009,Armas/desarmamento/nuclear; Desenvolvimento econômico,,1,174,80.81395348837209
5895,A/RES/66/39,2011,2009-2012,pós-2009,Outros / sem codificação,,1,176,86.7816091954023
5896,A/RES/66/39,2011,2009-2012,pós-2009,Outros / sem codificação,,1,174,88.37209302325581
5897,A/RES/66/39,2011,2009-2012,pós-2009,Outros / sem codificação,,1,176,88.50574712643679
5898,A/RES/66/39,2011,2009-2012,pós-2009,Outros / sem codificação,,1,178,88.06818181818181
5899,A/RES/66/39,2011,2009-2012,pós-2009,Outros / sem codificação,,1,178,86.36363636363636
5900,A/RES/66/39,2011,2009-2012,pós-2009,Outros / sem codificação,,1,178,87.5
5901,A/RES/66/40,2011,2009-2012,pós-2009,Armas/desarmamento/nuclear,,0,178,
5902,A/RES/66/40,2011,2009-2012,pós-2009,Outros / sem codificação,,1,175,95.95375722543352
5903,A/RES/66/44,2011,2009-2012,pós-2009,Armas/desarmamento/nuclear,,0,176,
5904,A/RES/66/44,2011,2009-2012,pós-2009,Outros / sem codificação,,0,178,
5906,A/RES/66/45,2011,2009-2012,pós-2009,Outros / sem codificação,,1,179,97.17514124293784
5907,A/RES/66/45,2011,2009-2012,pós-2009,Outros / sem codificação,,1,181,97.7653631284916
5908,A/RES/66/45,2011,2009-2012,pós-2009,Outros / sem codificação,,0,178,
5909,A/RES/66/45,2011,2009-2012,pós-2009,Outros / sem codificação,,0,178,
5910,A/RES/66/51,2011,2009-2012,pós-2009,Armas/desarmamento/nuclear,,1,176,91.95402298850574
5911,A/RES/66/51,2011,2009-2012,pós-2009,Outros / sem codificação,,1,181,96.08938547486034
5912,A/RES/66/61,2011,2009-2012,pós-2009,Armas/desarmamento/nuclear,,1,174,97.67441860465117
5913,A/RES/66/61,2011,2009-2012,pós-2009,Outros / sem codificação,,1,175,97.6878612716763
5914,A/RES/66/61,2011,2009-2012,pós-2009,Outros / sem codificação,,1,176,98.27586206896552
5915,A/RES/66/64,2011,2009-2012,pós-2009,Armas/desarmamento/nuclear,,1,178,97.72727272727272
5916,A/RES/66/175,2011,2009-2012,pós-2009,Direitos humanos,,0,177,
5917,A/RES/66/247,2011,2009-2012,pós-2009,Outros / sem codificação,,1,139,83.94160583941606
5179,A/RES/66/257,2012,2009-2012,pós-2009,Outros / sem codificação,0,1,150,64.86486486486487
5180,A/RES/66/253,2012,2009-2012,pós-2009,Outros / sem codificação,0,0,166,
5181,A/RES/67/4,2012,2009-2012,pós-2009,Desenvolvimento econômico,1,1,193,97.38219895287958
5182,A/RES/67/19,2012,2009-2012,pós-2009,Palestina/Oriente Médio,1,1,188,73.11827956989248
5183,A/RES/67/20,2012,2009-2012,pós-2009,Direitos humanos; Palestina/Oriente Médio,1,1,169,62.2754491017964
5184,A/RES/67/21,2012,2009-2012,pós-2009,Direitos humanos; Palestina/Oriente Médio,1,1,171,59.76331360946745
5185,A/RES/67/22,2012,2009-2012,pós-2009,Palestina/Oriente Médio,0,1,174,91.86046511627907
5186,A/RES/67/23,2012,2009-2012,pós-2009,Palestina/Oriente Médio,0,1,174,93.6046511627907
5187,A/RES/67/24,2012,2009-2012,pós-2009,Palestina/Oriente Médio,0,1,175,92.48554913294798
5188,A/RES/67/25,2012,2009-2012,pós-2009,Outros / sem codificação,0,1,175,62.42774566473989
5190,A/RES/67/30,2012,2009-2012,pós-2009,Armas/desarmamento/nuclear,0,1,185,98.90710382513662
5191,A/RES/67/31,2012,2009-2012,pós-2009,Armas/desarmamento/nuclear,0,1,183,79.55801104972376
5192,A/RES/67/32,2012,2009-2012,pós-2009,Armas/desarmamento/nuclear,0,1,184,89.56043956043956
5193,A/RES/67/33,2012,2009-2012,pós-2009,Armas/desarmamento/nuclear,0,1,183,73.48066298342542
5194,A/RES/67/34,2012,2009-2012,pós-2009,Armas/desarmamento/nuclear,0,0,186,
5195,A/RES/67/35,2012,2009-2012,pós-2009,Outros / sem codificação,0,1,185,97.81420765027322
5197,A/RES/67/38,2012,2009-2012,pós-2009,Armas/desarmamento/nuclear,0,1,187,70.27027027027027
5198,A/RES/67/39,2012,2009-2012,pós-2009,Armas/desarmamento/nuclear,0,1,183,97.79005524861878
5199,A/RES/67/42,2012,2009-2012,pós-2009,Armas/desarmamento/nuclear,0,0,183,
5200,A/RES/67/43,2012,2009-2012,pós-2009,Outros / sem codificação,0,1,185,98.90710382513662
5201,A/RES/67/45,2012,2009-2012,pós-2009,Armas/desarmamento/nuclear,0,0,186,
5202,A/RES/67/46,2012,2009-2012,pós-2009,Armas/desarmamento/nuclear,0,1,187,87.56756756756756
5203,A/RES/67/53,2012,2009-2012,pós-2009,Armas/desarmamento/nuclear,0,0,188,
5204,A/RES/67/55,2012,2009-2012,pós-2009,Armas/desarmamento/nuclear,0,1,187,95.67567567567568
5205,A/RES/67/56,2012,2009-2012,pós-2009,Armas/desarmamento/nuclear,0,0,182,
5206,A/RES/67/59,2012,2009-2012,pós-2009,Armas/desarmamento/nuclear,0,1,188,5.913978494623656
5207,A/RES/67/60,2012,2009-2012,pós-2009,Armas/desarmamento/nuclear,0,1,186,66.30434782608695
5208,A/RES/67/62,2012,2009-2012,pós-2009,Armas/desarmamento/nuclear,0,1,188,98.38709677419357
5209,A/RES/67/64,2012,2009-2012,pós-2009,Armas/desarmamento/nuclear,0,1,188,68.27956989247312
5210,A/RES/67/73,2012,2009-2012,pós-2009,Armas/desarmamento/nuclear,0,1,186,93.47826086956522
5211,A/RES/67/76,2012,2009-2012,pós-2009,Armas/desarmamento/nuclear,0,1,188,97.8494623655914
5212,A/RES/67/78,2012,2009-2012,pós-2009,Outros / sem codificação,0,1,130,96.09375
5213,A/RES/67/114,2012,2009-2012,pós-2009,Palestina/Oriente Médio,0,1,179,94.91525423728814
5214,A/RES/67/115,2012,2009-2012,pós-2009,Outros / sem codificação,0,1,180,94.38202247191012
5215,A/RES/67/116,2012,2009-2012,pós-2009,Palestina/Oriente Médio,0,1,179,96.045197740113
5216,A/RES/67/117,2012,2009-2012,pós-2009,Palestina/Oriente Médio,0,1,181,95.53072625698324
5217,A/RES/67/118,2012,2009-2012,pós-2009,Descolonização; Direitos humanos; Palestina/Oriente Médio,1,1,178,54.54545454545455
5218,A/RES/67/119,2012,2009-2012,pós-2009,Descolonização; Direitos humanos; Palestina/Oriente Médio,0,1,180,94.9438202247191
5219,A/RES/67/120,2012,2009-2012,pós-2009,Descolonização; Direitos humanos; Palestina/Oriente Médio,0,1,180,93.82022471910112
5220,A/RES/67/121,2012,2009-2012,pós-2009,Descolonização; Direitos humanos; Palestina/Oriente Médio,0,1,178,92.04545454545456
5221,A/RES/67/122,2012,2009-2012,pós-2009,Descolonização; Direitos humanos; Palestina/Oriente Médio,0,1,180,93.25842696629212
5222,A/RES/67/125,2012,2009-2012,pós-2009,Descolonização,0,1,179,97.74011299435028
5223,A/RES/67/126,2012,2009-2012,pós-2009,Descolonização; Desenvolvimento econômico,0,1,182,97.77777777777776
5224,A/RES/67/127,2012,2009-2012,pós-2009,Descolonização,0,1,181,69.83240223463687
5225,A/RES/67/133,2012,2009-2012,pós-2009,Descolonização,0,1,178,97.72727272727272
5226,A/RES/67/134,2012,2009-2012,pós-2009,Descolonização,0,1,180,97.19101123595506
5227,A/RES/67/139,2012,2009-2012,pós-2009,Desenvolvimento econômico; Direitos humanos,0,0,177,
5228,A/RES/67/154,2012,2009-2012,pós-2009,Direitos humanos,0,1,186,69.02173913043478
5229,A/RES/67/155,2012,2009-2012,pós-2009,Direitos humanos,0,1,188,70.43010752688173
5230,A/RES/67/158,2012,2009-2012,pós-2009,Descolonização; Direitos humanos; Palestina/Oriente Médio,0,1,189,94.6524064171123
5231,A/RES/67/159,2012,2009-2012,pós-2009,Descolonização; Direitos humanos,0,1,189,67.37967914438502
5232,A/RES/67/162,2012,2009-2012,pós-2009,Direitos humanos,0,1,185,93.98907103825135
5233,A/RES/67/165,2012,2009-2012,pós-2009,Direitos humanos,0,1,189,70.05347593582887
5234,A/RES/67/168,2012,2009-2012,pós-2009,Direitos humanos,0,0,184,
5235,A/RES/67/170,2012,2009-2012,pós-2009,Direitos humanos,0,1,186,68.47826086956522
5236,A/RES/67/171,2012,2009-2012,pós-2009,Desenvolvimento econômico; Direitos humanos,0,1,186,82.6086956521739
5237,A/RES/67/173,2012,2009-2012,pós-2009,Direitos humanos,0,1,187,67.56756756756756
5238,A/RES/67/175,2012,2009-2012,pós-2009,Direitos humanos,0,1,185,67.75956284153006
5239,A/RES/67/176,2012,2009-2012,pós-2009,Direitos humanos,0,0,186,
5240,A/RES/67/182,2012,2009-2012,pós-2009,Direitos humanos,1,0,183,
5241,A/RES/67/183,2012,2009-2012,pós-2009,Direitos humanos,1,0,183,
5242,A/RES/67/201,2012,2009-2012,pós-2009,Desenvolvimento econômico,0,1,186,92.3913043478261
5243,A/RES/67/202,2012,2009-2012,pós-2009,Desenvolvimento econômico,1,0,183,
5244,A/RES/67/217,2012,2009-2012,pós-2009,Desenvolvimento econômico,0,1,184,71.42857142857143
5245,A/RES/67/219,2012,2009-2012,pós-2009,Desenvolvimento econômico,0,1,181,70.94972067039106
5246,A/RES/67/229,2012,2009-2012,pós-2009,Descolonização; Palestina/Oriente Médio,0,1,186,91.30434782608695
5247,A/RES/67/234,2012,2009-2012,pós-2009,Armas/desarmamento/nuclear; Desenvolvimento econômico,0,1,150,88.51351351351352
5248,A/RES/67/243,2012,2009-2012,pós-2009,Outros / sem codificação,0,0,151,
5918,A/RES/66/257,2012,2009-2012,pós-2009,Outros / sem codificação,,1,149,64.62585034013605
5919,A/RES/66/257,2012,2009-2012,pós-2009,Outros / sem codificação,,1,150,64.86486486486487
5920,A/RES/66/277,2012,2009-2012,pós-2009,Palestina/Oriente Médio,,1,149,64.62585034013605
5921,A/RES/67/34,2012,2009-2012,pós-2009,Armas/desarmamento/nuclear,,1,181,94.97206703910616
5922,A/RES/67/43,2012,2009-2012,pós-2009,Outros / sem codificação,,1,186,98.3695652173913
5923,A/RES/67/43,2012,2009-2012,pós-2009,Outros / sem codificação,,1,184,98.35164835164836
5924,A/RES/677/46,2012,2009-2012,pós-2009,Armas/desarmamento/nuclear,,1,183,88.39779005524862
5925,A/RES/67/53,2012,2009-2012,pós-2009,Armas/desarmamento/nuclear,,0,186,
5926,A/RES/67/59,2012,2009-2012,pós-2009,Armas/desarmamento/nuclear; Desenvolvimento econômico,,1,186,96.7391304347826
5927,A/RES/67/59,2012,2009-2012,pós-2009,Outros / sem codificação,,1,187,97.29729729729728
5928,A/RES/67/59,2012,2009-2012,pós-2009,Outros / sem codificação,,0,187,
5929,A/RES/67/59,2012,2009-2012,pós-2009,Outros / sem codificação,,0,186,
5930,A/RES/67/60,2012,2009-2012,pós-2009,Armas/desarmamento/nuclear,,1,185,96.17486338797814
5931,A/RES/67/62,2012,2009-2012,pós-2009,Armas/desarmamento/nuclear,,1,185,80.8743169398907
5932,A/RES/67/73,2012,2009-2012,pós-2009,Outros / sem codificação,,1,184,97.8021978021978
5933,A/RES/67/73,2012,2009-2012,pós-2009,Outros / sem codificação,,1,184,97.8021978021978
5934,A/RES/67/76,2012,2009-2012,pós-2009,Armas/desarmamento/nuclear,,1,186,97.28260869565216
5935,A/RES/67/234,2012,2009-2012,pós-2009,Armas/desarmamento/nuclear; Desenvolvimento econômico; Direitos humanos,,1,149,85.71428571428571
5936,A/RES/67/234,2012,2009-2012,pós-2009,Outros / sem codificação,,1,150,83.10810810810811
5937,A/RES/67/243,2012,2009-2012,pós-2009,Outros / sem codificação,,0,141,
5938,A/RES/67/243,2012,2009-2012,pós-2009,Outros / sem codificação,,0,151,
5939,A/RES/67/246,2012,2009-2012,pós-2009,Desenvolvimento econômico,,0,148,
