"ano","n_resolucoes_validas","n_convergentes","taxa_media_convergencia"
1997,82,65,0.792682926829268
1998,78,56,0.717948717948718
1999,89,64,0.719101123595506
2000,76,57,0.75
2001,83,67,0.807228915662651
2002,101,74,0.732673267326733
2003,89,74,0.831460674157303
2004,88,73,0.829545454545455
2005,97,80,0.824742268041237
2006,108,88,0.814814814814815
2007,93,78,0.838709677419355
2008,96,73,0.760416666666667
2009,83,72,0.867469879518072
2010,85,74,0.870588235294118
2011,96,83,0.864583333333333
2012,90,71,0.788888888888889
2013,61,54,0.885245901639344
2014,78,69,0.884615384615385
2015,77,62,0.805194805194805
2016,112,78,0.696428571428571
